idptoinven,toponimo,x,y,coordz,tipocaptac,profmax,municipio_,provincia_,dominio_de,masasubta_,masasubtb_,acuifero_g,conlitolog,conhidroqu,conexpedie,conensayos,conpiezome,url,enredrbas,enredrnit,enredr500,enredrpiez,datos,id_punto,nombre_punto,municipio,soil_clay_0-5cm,soil_clay_5-15cm,soil_clay_15-30cm,soil_silt_0-5cm,soil_silt_5-15cm,soil_silt_15-30cm,soil_sand_0-5cm,soil_sand_5-15cm,soil_sand_15-30cm,soil_phh2o_0-5cm,soil_phh2o_5-15cm,soil_phh2o_15-30cm,soil_cec_0-5cm,soil_cec_5-15cm,soil_cec_15-30cm,soil_soc_0-5cm,soil_soc_5-15cm,soil_soc_15-30cm,soil_wv0033_0-5cm,soil_wv0033_5-15cm,soil_wv0033_15-30cm,soil_wv1500_0-5cm,soil_wv1500_5-15cm,soil_wv1500_15-30cm,textura_usda,agua_disponible_cm3cm3,sigpac_uso,sigpac_pendiente_media,sigpac_altitud,sigpac_coef_regadio,sigpac_superficie_m2,dist_sigpac_m,zona_vulnerable,altitud_m
2411-8-0002,MANANTIAL FUENTE DEL CURA,592133,4675038,335.5710144,MANANTIAL,0,ALDEANUEVA DE EBRO,LA RIOJA,DepresiÃ³n del Ebro,|,|,|  -,SÃ­,SÃ­,No,No,No,http://iber.chebro.es/geoportal/bulkdata/FICHAS_IPA/2411-8-0002_ipa.pdf,No,SÃ­,No,No,http://www.datossubterraneas.chebro.es/?ipa=241180002,2411-8-0002,MANANTIAL FUENTE DEL CURA,ALDEANUEVA DE EBRO,21.8,21.9,26.3,44.900000000000006,43.7,40.3,26.8,27.5,25.200000000000003,7.9,8.1,8.1,19.8,17.6,17.2,15.5,8.3,10.2,0.361,0.344,0.33,0.15,0.15,0.15,Franco arcillo limoso,0.211,MT,133.0,340.0,30.0,3835.1483760847273,0.0,True,340.98
2210-3-0031,FUENTE CARRETERA NÃJERA-CENICERO,527852,4703429,478.64599609,MANANTIAL,0,CENICERO,LA RIOJA,DepresiÃ³n del Ebro,|,|,|  -,No,SÃ­,No,No,No,http://iber.chebro.es/geoportal/bulkdata/FICHAS_IPA/2210-3-0031_ipa.pdf,No,SÃ­,No,No,http://www.datossubterraneas.chebro.es/?ipa=221030031,2210-3-0031,FUENTE CARRETERA NÃJERA-CENICERO,CENICERO,26.4,27.0,28.6,46.6,45.5,42.7,21.0,21.1,19.9,8.0,8.200000000000001,8.1,20.200000000000003,17.8,15.8,21.200000000000003,10.0,9.9,0.361,0.351,0.35,0.175,0.189,0.189,Arcilla limosa,0.1859999999999999,MT,171.0,479.0,0.0,2207.1217785626523,0.0,False,479.41202
2310-5-0020,CELADAS,539993,4690809,612.184,MANANTIAL,0,ENTRENA,LA RIOJA,DepresiÃ³n del Ebro,|,|,|  -,SÃ­,SÃ­,SÃ­,No,SÃ­,http://iber.chebro.es/geoportal/bulkdata/FICHAS_IPA/2310-5-0020_ipa.pdf,No,SÃ­,No,No,http://www.datossubterraneas.chebro.es/?ipa=231050020,2310-5-0020,CELADAS,ENTRENA,24.4,24.200000000000003,24.4,44.900000000000006,45.3,45.3,27.1,27.8,27.5,8.0,8.1,8.0,19.4,16.400000000000002,14.8,20.8,11.4,12.4,0.355,0.333,0.327,0.162,0.167,0.162,Franco arcillo limoso,0.1929999999999999,MT,66.0,610.0,0.0,1471.528280230487,0.0,True,612.3078
2310-6-0003,FUENTE DE LA DEHESA (Po. 13; Pa. 202),547152,4694126,503.805,MANANTIAL,0,ALBERITE,LA RIOJA,DepresiÃ³n del Ebro,|,|,|  -,No,No,No,No,SÃ­,http://iber.chebro.es/geoportal/bulkdata/FICHAS_IPA/2310-6-0003_ipa.pdf,No,SÃ­,No,No,http://www.datossubterraneas.chebro.es/?ipa=231060003,2310-6-0003,FUENTE DE LA DEHESA (Po. 13; Pa. 202),ALBERITE,26.5,26.6,28.200000000000003,43.900000000000006,43.2,41.0,26.200000000000003,26.4,25.0,7.9,8.1,8.0,21.5,18.4,16.2,19.1,11.6,10.8,0.333,0.324,0.324,0.165,0.165,0.161,Arcilla limosa,0.168,IM,81.0,503.0,,96.66089739338861,0.0,True,504.24802
2210-2-0087,FUENTE POZUELOS,520122,4703452,574.462,MANANTIAL,0,SAN ASENSIO,LA RIOJA,DepresiÃ³n del Ebro,|,|,|  -,No,SÃ­,No,No,SÃ­,http://iber.chebro.es/geoportal/bulkdata/FICHAS_IPA/2210-2-0087_ipa.pdf,No,SÃ­,No,No,http://www.datossubterraneas.chebro.es/?ipa=221020087,2210-2-0087,FUENTE POZUELOS,SAN ASENSIO,23.6,24.6,27.9,43.6,43.6,35.6,24.1,24.0,20.8,7.800000000000001,8.1,8.1,19.9,18.2,15.6,21.6,10.2,11.4,0.335,0.325,0.323,0.162,0.162,0.163,Franco arcillo limoso,0.173,VI,91.0,570.0,0.0,1184.6965047531785,0.0,False,570.612
2310-8-0029,LOS AGUAZALES,562879,4687823,580.775,POZO,10,GALILEA,LA RIOJA,DepresiÃ³n del Ebro,|,|,|  -,No,SÃ­,SÃ­,No,SÃ­,http://iber.chebro.es/geoportal/bulkdata/FICHAS_IPA/2310-8-0029_ipa.pdf,No,SÃ­,No,No,http://www.datossubterraneas.chebro.es/?ipa=231080029,2310-8-0029,LOS AGUAZALES,GALILEA,23.3,23.200000000000003,26.5,42.7,43.1,39.0,28.4,28.700000000000003,27.3,8.0,8.200000000000001,8.1,20.6,16.8,16.2,20.9,11.4,10.8,0.364,0.355,0.339,0.157,0.156,0.156,Franco arcillo limoso,0.207,FS,37.0,579.0,0.0,624.0147323554993,0.0,True,579.36804
2210-8-0061,FUENTE NAVARRETE. FUENTE DEL PRADO,538113,4695352,498.49700928,MANANTIAL,9999,NAVARRETE,LA RIOJA,DepresiÃ³n del Ebro,|,|,|  -,No,SÃ­,No,No,No,http://iber.chebro.es/geoportal/bulkdata/FICHAS_IPA/2210-8-0061_ipa.pdf,No,SÃ­,No,No,http://www.datossubterraneas.chebro.es/?ipa=221080061,2210-8-0061,FUENTE NAVARRETE. FUENTE DEL PRADO,NAVARRETE,21.0,21.0,23.5,47.0,47.5,45.6,26.9,27.0,24.4,7.9,8.0,8.0,20.5,17.2,15.2,19.9,10.3,10.6,0.35,0.344,0.338,0.154,0.154,0.154,Franco arcillo limoso,0.196,MT,61.0,498.0,0.0,1590.4405489337184,0.0,False,498.34457
2109-6-0027,LA FUENTITA,496442,4705822,579.53997803,MANANTIAL,0,LEIVA,LA RIOJA,DepresiÃ³n del Ebro,044 | ALUVIAL DEL TIRÃN,|,"04401 | Cuaternario aluvial - Aluviales, terrazas y abanicos aluviales",No,No,No,No,No,http://iber.chebro.es/geoportal/bulkdata/FICHAS_IPA/2109-6-0027_ipa.pdf,No,SÃ­,No,No,http://www.datossubterraneas.chebro.es/?ipa=210960027,2109-6-0027,LA FUENTITA,LEIVA,22.0,23.4,25.200000000000003,49.7,49.5,48.0,21.700000000000003,21.700000000000003,21.3,7.800000000000001,8.0,7.9,19.1,17.6,15.5,25.6,12.3,12.0,0.344,0.34,0.332,0.178,0.188,0.189,Franco arcillo limoso,0.166,ZU,49.0,588.0,,199469.73133932488,0.0,True,580.716
2110-2-0172,MANANTIAL DEL CAÃO,498028,4705021,576.799,MANANTIAL,0,HERRAMELLURI,LA RIOJA,DepresiÃ³n del Ebro,044 | ALUVIAL DEL TIRÃN,|,"04401 | Cuaternario aluvial - Aluviales, terrazas y abanicos aluviales",No,SÃ­,No,No,SÃ­,http://iber.chebro.es/geoportal/bulkdata/FICHAS_IPA/2110-2-0172_ipa.pdf,No,SÃ­,No,No,http://www.datossubterraneas.chebro.es/?ipa=211020172,2110-2-0172,MANANTIAL DEL CAÃO,HERRAMELLURI,22.9,23.8,24.0,51.5,50.3,47.2,20.4,20.700000000000003,20.9,7.9,8.0,8.0,18.2,17.6,16.0,25.3,12.3,11.5,0.347,0.34,0.334,0.177,0.183,0.184,Franco arcillo limoso,0.17,CA,255.0,572.0,,1256.1805975685083,0.0,True,567.536
2110-2-0002,MANANTIAL TORMATOS,492766,4704119,617.72998047,MANANTIAL,9999,TORMANTOS,LA RIOJA,DepresiÃ³n del Ebro,044 | ALUVIAL DEL TIRÃN,|,"04401 | Cuaternario aluvial - Aluviales, terrazas y abanicos aluviales",SÃ­,SÃ­,No,No,No,http://iber.chebro.es/geoportal/bulkdata/FICHAS_IPA/2110-2-0002_ipa.pdf,No,SÃ­,No,No,http://www.datossubterraneas.chebro.es/?ipa=211020002,2110-2-0002,MANANTIAL TORMATOS,TORMANTOS,0.0,0.0,0.0,0.0,0.0,0.0,0.0,0.0,0.0,0.0,0.0,0.0,0.0,0.0,0.0,0.0,0.0,0.0,0.0,0.0,0.0,0.0,0.0,0.0,Franco,0.0,CA,269.0,619.0,,208.23028112285357,0.0,True,616.5142
2411-6-0069,"EL RASO, POZO CUEVA",580774,4674330,442.144,POZO,6.5,AUTOL,LA RIOJA,Demanda - Cameros,067 | DETRITICO DE ARNEDO,|,06702 | Cuaternario aluvial - Aluvial del Cidacos y terrazas,SÃ­,SÃ­,SÃ­,SÃ­,SÃ­,http://iber.chebro.es/geoportal/bulkdata/FICHAS_IPA/2411-6-0069_ipa.pdf,No,SÃ­,SÃ­,No,http://www.datossubterraneas.chebro.es/?ipa=241160069,2411-6-0069,"EL RASO, POZO CUEVA",AUTOL,17.8,18.5,20.4,45.8,45.900000000000006,42.7,24.8,25.4,24.3,8.0,8.200000000000001,8.200000000000001,18.0,16.2,15.6,20.9,12.4,10.1,0.357,0.356,0.356,0.15,0.15,0.15,Franco arcillo limoso,0.207,MT,23.0,442.0,100.0,618.1587480881457,0.0,False,441.13202
2412-2-0031,Fuente del Prado,580469,4668555,727,MANANTIAL,0,AUTOL,LA RIOJA,Demanda - Cameros,067 | DETRITICO DE ARNEDO,|,06701 | Conglomerados oligocenos - Conglomerados y arenas (Conglomerados de Arnedo),No,No,SÃ­,No,SÃ­,http://iber.chebro.es/geoportal/bulkdata/FICHAS_IPA/2412-2-0031_ipa.pdf,No,SÃ­,No,No,http://www.datossubterraneas.chebro.es/?ipa=241220031,2412-2-0031,Fuente del Prado,AUTOL,19.5,20.0,21.5,45.5,44.2,42.5,29.8,30.3,29.0,7.7,7.800000000000001,7.800000000000001,19.6,17.7,17.0,26.5,14.8,10.2,0.34,0.34,0.35,0.153,0.158,0.16,Franco arcillo limoso,0.187,MT,273.0,721.0,0.0,6995.398385493427,0.0,False,716.392
2411-6-0207,"MORCUERA (Pol. 11, Parc. 1767)",576845,4673064,577.25402832,POZO,70,ARNEDO,LA RIOJA,Demanda - Cameros,067 | DETRITICO DE ARNEDO,|,06701 | Conglomerados oligocenos - Conglomerados y arenas (Conglomerados de Arnedo),SÃ­,No,SÃ­,No,SÃ­,http://iber.chebro.es/geoportal/bulkdata/FICHAS_IPA/2411-6-0207_ipa.pdf,No,SÃ­,No,No,http://www.datossubterraneas.chebro.es/?ipa=241160207,2411-6-0207,"MORCUERA (Pol. 11, Parc. 1767)",ARNEDO,14.4,14.1,15.7,26.6,26.6,26.0,49.0,50.2,45.8,8.0,8.200000000000001,8.200000000000001,21.6,21.200000000000003,20.5,19.3,6.5,10.9,0.323,0.315,0.319,0.117,0.101,0.12,Franco,0.206,FY,33.0,576.0,0.0,1972.0059979048656,0.0,False,577.06
2411-6-0181,JABALINA,578702,4670560,619.76397705,POZO,100,QUEL,LA RIOJA,Demanda - Cameros,067 | DETRITICO DE ARNEDO,|,06701 | Conglomerados oligocenos - Conglomerados y arenas (Conglomerados de Arnedo),SÃ­,No,SÃ­,No,SÃ­,http://iber.chebro.es/geoportal/bulkdata/FICHAS_IPA/2411-6-0181_ipa.pdf,No,SÃ­,No,No,http://www.datossubterraneas.chebro.es/?ipa=241160181,2411-6-0181,JABALINA,QUEL,17.2,15.6,17.2,26.4,26.5,26.8,43.2,44.900000000000006,44.0,8.1,8.200000000000001,8.200000000000001,18.4,17.0,15.2,21.3,8.4,10.0,0.303,0.302,0.305,0.14,0.137,0.137,Franco,0.1629999999999999,VI,57.0,615.0,0.0,13822.394899085622,0.0,True,618.958
2411-6-0255,ONTAÃÃN,578552,4674726,499.0289917,POZO,12,QUEL,LA RIOJA,Demanda - Cameros,067 | DETRITICO DE ARNEDO,|,|  -,No,No,No,No,SÃ­,http://iber.chebro.es/geoportal/bulkdata/FICHAS_IPA/2411-6-0255_ipa.pdf,No,SÃ­,No,No,http://www.datossubterraneas.chebro.es/?ipa=241160255,2411-6-0255,ONTAÃÃN,QUEL,17.6,16.2,20.0,38.0,38.0,35.6,33.2,34.4,33.4,7.9,8.1,8.0,18.8,17.0,16.3,19.0,11.6,10.0,0.354,0.334,0.328,0.148,0.143,0.143,Franco,0.206,MT,33.0,498.0,0.0,360.9098718296624,0.0,True,498.22803
2411-6-0146,COSCOJO-TABLAS (YASA HONDA),580514,4672705,482.33099365,POZO BALSA,2,AUTOL,LA RIOJA,Demanda - Cameros,067 | DETRITICO DE ARNEDO,|,|  -,No,No,SÃ­,No,SÃ­,http://iber.chebro.es/geoportal/bulkdata/FICHAS_IPA/2411-6-0146_ipa.pdf,No,SÃ­,No,No,http://www.datossubterraneas.chebro.es/?ipa=241160146,2411-6-0146,COSCOJO-TABLAS (YASA HONDA),AUTOL,19.0,19.0,21.1,37.4,35.9,32.7,29.4,30.6,29.1,8.0,8.200000000000001,8.1,20.8,19.5,17.3,19.6,11.3,11.1,0.337,0.332,0.328,0.15,0.15,0.151,Franco arcillo limoso,0.187,AG,258.0,497.0,,96468.7927033703,0.0,False,481.58002
2511-6-0035,ITGA CADREITA FINCA EXPERIMENTAL. POZO 1,606297,4673672,267.95999146,POZO,9.8,ALFARO,LA RIOJA,DepresiÃ³n del Ebro,049 | ALUVIAL DEL EBRO-ARAGÃN: LODOSA-TUDELA,|,04902 | Cuaternario aluvial - Aluviales y terrazas,SÃ­,SÃ­,SÃ­,No,SÃ­,http://iber.chebro.es/geoportal/bulkdata/FICHAS_IPA/2511-6-0035_ipa.pdf,No,SÃ­,No,No,http://www.datossubterraneas.chebro.es/?ipa=251160035,2511-6-0035,ITGA CADREITA FINCA EXPERIMENTAL. POZO 1,ALFARO,26.0,26.3,26.4,47.0,47.2,45.900000000000006,18.4,18.4,18.0,8.0,8.1,8.1,20.6,19.3,17.0,18.6,12.4,10.4,0.35,0.346,0.343,0.18,0.181,0.181,Arcilla limosa,0.17,TA,10.0,268.0,100.0,8744.733556695839,0.0,False,267.65237
2411-3-0002,ABAST. CALAHORRA-SOTO MANZANILLO-CASA DE LAS AGUAS NÂº 8,586041,4686559,294.77999878,POZO,9,CALAHORRA,LA RIOJA,DepresiÃ³n del Ebro,049 | ALUVIAL DEL EBRO-ARAGÃN: LODOSA-TUDELA,|,04902 | Cuaternario aluvial - Aluviales y terrazas,SÃ­,SÃ­,SÃ­,No,SÃ­,http://iber.chebro.es/geoportal/bulkdata/FICHAS_IPA/2411-3-0002_ipa.pdf,No,SÃ­,SÃ­,No,http://www.datossubterraneas.chebro.es/?ipa=241130002,2411-3-0002,ABAST. CALAHORRA-SOTO MANZANILLO-CASA DE LAS AGUAS NÂº 8,CALAHORRA,19.0,19.6,21.9,54.6,54.6,53.3,22.8,23.6,22.5,7.9,8.0,8.0,22.1,18.5,16.8,18.0,11.8,11.1,0.349,0.342,0.347,0.149,0.154,0.154,Franco limoso,0.2,ZU,14.0,295.0,,218.45667851150506,0.0,False,294.716
2511-6-0078,VIEJAMALA,602409,4673670,270.57400513,SONDEO,40.3,ALFARO,LA RIOJA,DepresiÃ³n del Ebro,049 | ALUVIAL DEL EBRO-ARAGÃN: LODOSA-TUDELA,|,04902 | Cuaternario aluvial - Aluviales y terrazas,SÃ­,No,No,No,No,http://iber.chebro.es/geoportal/bulkdata/FICHAS_IPA/2511-6-0078_ipa.pdf,No,SÃ­,No,No,http://www.datossubterraneas.chebro.es/?ipa=251160078,2511-6-0078,VIEJAMALA,ALFARO,24.200000000000003,24.200000000000003,24.5,49.400000000000006,50.400000000000006,46.7,18.2,18.9,17.900000000000002,7.7,7.800000000000001,7.800000000000001,20.5,19.9,19.200000000000003,19.1,13.2,10.0,0.354,0.347,0.346,0.174,0.18,0.178,Franco arcillo limoso,0.1799999999999999,MT,68.0,271.0,100.0,789.0058222707919,0.0,True,269.86215
2511-6-0072,Jarra en finca del Camino de la Nava (PO: 2; PA: 9514),602964,4672988,269.55499268,POZO,7,ALFARO,LA RIOJA,DepresiÃ³n del Ebro,049 | ALUVIAL DEL EBRO-ARAGÃN: LODOSA-TUDELA,|,04902 | Cuaternario aluvial - Aluviales y terrazas,No,No,No,No,No,http://iber.chebro.es/geoportal/bulkdata/FICHAS_IPA/2511-6-0072_ipa.pdf,No,SÃ­,No,No,http://www.datossubterraneas.chebro.es/?ipa=251160072,2511-6-0072,Jarra en finca del Camino de la Nava (PO: 2; PA: 9514),ALFARO,26.0,26.0,25.9,43.0,45.900000000000006,41.0,16.3,17.2,16.1,7.7,7.7,7.800000000000001,22.0,19.3,17.7,20.1,13.6,11.1,0.355,0.349,0.349,0.181,0.183,0.181,Arcilla limosa,0.174,ZU,9.0,270.0,,109.3911143556061,0.0,True,269.488
2411-4-0065,"CASCAJO (Po:10, Pa:163)",588825,4683807,308.26098633,POZO,34,CALAHORRA,LA RIOJA,DepresiÃ³n del Ebro,049 | ALUVIAL DEL EBRO-ARAGÃN: LODOSA-TUDELA,|,04902 | Cuaternario aluvial - Aluviales y terrazas,SÃ­,No,SÃ­,No,No,http://iber.chebro.es/geoportal/bulkdata/FICHAS_IPA/2411-4-0065_ipa.pdf,No,SÃ­,No,No,http://www.datossubterraneas.chebro.es/?ipa=241140065,2411-4-0065,"CASCAJO (Po:10, Pa:163)",CALAHORRA,22.200000000000003,22.700000000000003,24.9,50.3,50.6,46.6,23.700000000000003,25.0,23.700000000000003,8.0,8.1,8.1,19.0,16.8,16.0,18.4,11.8,11.8,0.343,0.336,0.334,0.154,0.154,0.154,Franco arcillo limoso,0.189,TA,23.0,310.0,0.0,73639.72777125971,0.0,False,310.432
2410-6-0011,CANTARROYUELA DE PRADEJON (PO: 1 PA: 26),579079,4690031,324.38400269,POZO,33,PRADEJON,LA RIOJA,DepresiÃ³n del Ebro,049 | ALUVIAL DEL EBRO-ARAGÃN: LODOSA-TUDELA,|,04902 | Cuaternario aluvial - Aluviales y terrazas,SÃ­,No,SÃ­,No,SÃ­,http://iber.chebro.es/geoportal/bulkdata/FICHAS_IPA/2410-6-0011_ipa.pdf,No,SÃ­,No,No,http://www.datossubterraneas.chebro.es/?ipa=241060011,2410-6-0011,CANTARROYUELA DE PRADEJON (PO: 1 PA: 26),PRADEJON,20.6,21.0,21.5,55.7,55.5,53.900000000000006,21.200000000000003,21.1,20.9,7.9,8.0,8.0,21.9,19.200000000000003,17.0,21.0,12.4,12.0,0.347,0.338,0.335,0.154,0.154,0.154,Franco arcillo limoso,0.193,AG,311.0,322.0,,19759.635039953308,0.0,False,324.74002
2511-5-0038,CHAMPIÃONERA RINCÃN DE SOTO,595528,4675850,283.29000854,POZO,12,RINCON DE SOTO,LA RIOJA,DepresiÃ³n del Ebro,049 | ALUVIAL DEL EBRO-ARAGÃN: LODOSA-TUDELA,|,04902 | Cuaternario aluvial - Aluviales y terrazas,No,SÃ­,No,No,SÃ­,http://iber.chebro.es/geoportal/bulkdata/FICHAS_IPA/2511-5-0038_ipa.pdf,No,SÃ­,No,No,http://www.datossubterraneas.chebro.es/?ipa=251150038,2511-5-0038,CHAMPIÃONERA RINCÃN DE SOTO,RINCON DE SOTO,25.0,24.3,22.9,51.0,52.8,51.0,19.3,20.5,19.5,8.0,8.1,8.0,20.700000000000003,19.1,17.400000000000002,15.5,11.8,9.0,0.348,0.34,0.34,0.159,0.157,0.159,Franco arcillo limoso,0.189,ZU,4.0,283.0,,732.0803737201605,0.0,False,285.78403
2410-7-0075,"RESA, (Po:32 Pa:146)",582773,4690189,301.242,POZO,37,CALAHORRA,LA RIOJA,DepresiÃ³n del Ebro,049 | ALUVIAL DEL EBRO-ARAGÃN: LODOSA-TUDELA,|,04902 | Cuaternario aluvial - Aluviales y terrazas,SÃ­,No,SÃ­,No,SÃ­,http://iber.chebro.es/geoportal/bulkdata/FICHAS_IPA/2410-7-0075_ipa.pdf,No,SÃ­,No,No,http://www.datossubterraneas.chebro.es/?ipa=241070075,2410-7-0075,"RESA, (Po:32 Pa:146)",CALAHORRA,21.700000000000003,21.0,24.6,50.5,50.900000000000006,49.3,22.4,22.8,22.0,7.7,7.7,7.7,22.200000000000003,19.3,17.3,38.5,14.6,12.2,0.348,0.334,0.327,0.15,0.152,0.154,Franco arcillo limoso,0.198,IM,18.0,301.0,,213.72540721271628,0.0,False,300.056
2512-2-0026,"TAMBARRÃA (POLÃGONO 30, PARCELA 184)",607687,4666914,313.41799927,POZO,7,ALFARO,LA RIOJA,DepresiÃ³n del Ebro,049 | ALUVIAL DEL EBRO-ARAGÃN: LODOSA-TUDELA,|,04902 | Cuaternario aluvial - Aluviales y terrazas,SÃ­,SÃ­,SÃ­,No,SÃ­,http://iber.chebro.es/geoportal/bulkdata/FICHAS_IPA/2512-2-0026_ipa.pdf,No,SÃ­,No,No,http://www.datossubterraneas.chebro.es/?ipa=251220026,2512-2-0026,"TAMBARRÃA (POLÃGONO 30, PARCELA 184)",ALFARO,26.8,25.9,24.8,37.7,39.1,34.9,27.1,27.9,27.1,7.9,8.200000000000001,8.200000000000001,20.8,17.400000000000002,18.3,16.3,9.5,10.1,0.352,0.348,0.343,0.157,0.157,0.158,Arcilla limosa,0.1949999999999999,VI,6.0,313.0,0.0,9129.930492968042,0.0,False,313.1546
2411-2-0074,PELOCAQUI,574731,4685464,418.359,POZO,8,VILLAR DE ARNEDO (EL),LA RIOJA,DepresiÃ³n del Ebro,049 | ALUVIAL DEL EBRO-ARAGÃN: LODOSA-TUDELA,|,|  -,SÃ­,SÃ­,No,No,SÃ­,http://iber.chebro.es/geoportal/bulkdata/FICHAS_IPA/2411-2-0074_ipa.pdf,No,SÃ­,No,No,http://www.datossubterraneas.chebro.es/?ipa=241120074,2411-2-0074,PELOCAQUI,VILLAR DE ARNEDO (EL),24.200000000000003,23.5,25.700000000000003,39.2,39.2,38.5,31.1,31.3,27.700000000000003,7.800000000000001,8.1,8.1,19.3,18.8,18.4,19.1,9.9,11.4,0.337,0.325,0.324,0.14,0.14,0.142,Franco arcillo limoso,0.197,ZU,80.0,422.0,,305742.55133071623,0.0,True,417.38403
2411-7-0058,POZO DE LAS PISCINAS,582510,4674369,423.68399048,POZO,4.5,AUTOL,LA RIOJA,DepresiÃ³n del Ebro,049 | ALUVIAL DEL EBRO-ARAGÃN: LODOSA-TUDELA,|,|  -,No,SÃ­,No,No,SÃ­,http://iber.chebro.es/geoportal/bulkdata/FICHAS_IPA/2411-7-0058_ipa.pdf,No,SÃ­,No,No,http://www.datossubterraneas.chebro.es/?ipa=241170058,2411-7-0058,POZO DE LAS PISCINAS,AUTOL,19.8,20.0,20.9,47.900000000000006,46.5,43.7,25.8,27.200000000000003,24.3,7.9,8.1,8.1,17.2,15.8,15.3,19.0,11.6,11.2,0.354,0.339,0.335,0.153,0.154,0.154,Franco arcillo limoso,0.2009999999999999,AG,59.0,407.0,,288276.30986614386,0.0,False,420.77502
2410-5-0067,PEÃASCASAS (Po:5),569734,4696089,323.4710083,POZO,0,ALCANADRE,LA RIOJA,DepresiÃ³n del Ebro,048 | ALUVIAL DE LA RIOJA-MENDAVIA,|,04802 | Cuaternario aluvial - Aluviales y terrazas,No,No,No,No,No,http://iber.chebro.es/geoportal/bulkdata/FICHAS_IPA/2410-5-0067_ipa.pdf,No,SÃ­,No,No,http://www.datossubterraneas.chebro.es/?ipa=241050067,2410-5-0067,PEÃASCASAS (Po:5),ALCANADRE,21.9,21.8,23.6,53.8,54.2,52.7,18.7,19.700000000000003,17.1,7.7,7.9,7.9,23.6,19.3,16.6,23.5,12.3,10.5,0.348,0.338,0.328,0.185,0.187,0.189,Franco arcillo limoso,0.163,VI,4.0,323.0,0.0,13271.773301470237,0.0,False,323.50403
2310-3-0088,JARRA EN EL CEMENTERIO,558884,4699753,342.42700195,POZO,0,AGONCILLO,LA RIOJA,DepresiÃ³n del Ebro,048 | ALUVIAL DE LA RIOJA-MENDAVIA,|,04802 | Cuaternario aluvial - Aluviales y terrazas,No,No,No,No,No,http://iber.chebro.es/geoportal/bulkdata/FICHAS_IPA/2310-3-0088_ipa.pdf,No,SÃ­,No,No,http://www.datossubterraneas.chebro.es/?ipa=231030088,2310-3-0088,JARRA EN EL CEMENTERIO,AGONCILLO,23.9,23.0,23.200000000000003,51.2,51.8,52.2,18.1,18.9,16.1,7.800000000000001,8.0,8.0,20.8,17.0,16.6,16.3,12.4,9.8,0.341,0.332,0.328,0.185,0.185,0.185,Franco arcillo limoso,0.156,OV,21.0,342.0,100.0,109.81194101139556,0.0,False,343.28403
2310-2-0159,PASADA DEL ESPINAL,550879,4701051,366.45001221,SONDEO,8.2,LOGROÃO,LA RIOJA,DepresiÃ³n del Ebro,048 | ALUVIAL DE LA RIOJA-MENDAVIA,|,04802 | Cuaternario aluvial - Aluviales y terrazas,SÃ­,No,No,No,No,http://iber.chebro.es/geoportal/bulkdata/FICHAS_IPA/2310-2-0159_ipa.pdf,No,SÃ­,No,No,http://www.datossubterraneas.chebro.es/?ipa=231020159,2310-2-0159,PASADA DEL ESPINAL,LOGROÃO,23.700000000000003,24.5,25.1,51.0,49.5,48.1,21.6,21.6,20.9,7.800000000000001,8.0,8.0,20.4,16.3,14.6,18.9,11.8,10.2,0.354,0.345,0.332,0.165,0.184,0.185,Franco arcillo limoso,0.1889999999999999,CA,56.0,366.0,,2020.6837001470403,0.0,True,365.34302
2310-3-0091,LA TEJERA,553380,4700080,359.3789978,SONDEO,9,LOGROÃO,LA RIOJA,DepresiÃ³n del Ebro,048 | ALUVIAL DE LA RIOJA-MENDAVIA,|,04802 | Cuaternario aluvial - Aluviales y terrazas,SÃ­,No,No,No,No,http://iber.chebro.es/geoportal/bulkdata/FICHAS_IPA/2310-3-0091_ipa.pdf,No,SÃ­,No,No,http://www.datossubterraneas.chebro.es/?ipa=231030091,2310-3-0091,LA TEJERA,LOGROÃO,22.4,23.3,24.8,51.2,51.2,48.0,21.6,21.6,21.0,8.0,8.0,8.0,19.4,17.2,15.4,18.7,12.3,10.7,0.332,0.325,0.318,0.17,0.185,0.185,Franco arcillo limoso,0.162,CA,102.0,360.0,,12120.305583253885,0.0,False,356.86325
2310-3-0090,CAMINO DEL MOLINO,556798,4699105,364.36199951,SONDEO,9,AGONCILLO,LA RIOJA,DepresiÃ³n del Ebro,048 | ALUVIAL DE LA RIOJA-MENDAVIA,|,04802 | Cuaternario aluvial - Aluviales y terrazas,SÃ­,No,No,No,No,http://iber.chebro.es/geoportal/bulkdata/FICHAS_IPA/2310-3-0090_ipa.pdf,No,SÃ­,No,No,http://www.datossubterraneas.chebro.es/?ipa=231030090,2310-3-0090,CAMINO DEL MOLINO,AGONCILLO,26.200000000000003,25.5,24.4,48.0,48.2,48.400000000000006,20.5,20.5,20.4,7.6,8.0,8.0,19.8,16.6,16.0,14.7,11.6,9.7,0.347,0.34,0.331,0.168,0.185,0.185,Arcilla limosa,0.179,AG,93.0,363.0,,186745.88876381752,0.0,False,364.33932
2310-3-0063,FUENTE DE MURILLO,556976,4696787,379.40499878,MANANTIAL,0,MURILLO DE RIO LEZA,LA RIOJA,DepresiÃ³n del Ebro,048 | ALUVIAL DE LA RIOJA-MENDAVIA,|,04802 | Cuaternario aluvial - Aluviales y terrazas,No,SÃ­,No,No,No,http://iber.chebro.es/geoportal/bulkdata/FICHAS_IPA/2310-3-0063_ipa.pdf,No,SÃ­,No,No,http://www.datossubterraneas.chebro.es/?ipa=231030063,2310-3-0063,FUENTE DE MURILLO,MURILLO DE RIO LEZA,26.1,26.8,27.5,48.8,49.400000000000006,47.900000000000006,22.1,22.5,22.1,7.7,8.0,8.0,18.3,16.2,15.4,16.5,11.8,9.9,0.349,0.344,0.326,0.155,0.163,0.162,Franco arcillo limoso,0.194,MT,98.0,379.0,0.0,2780.2320498422755,0.0,True,378.61603
2310-7-0139,La Senda (PO: 16; PA: 214),557208,4691574,472.225,MANANTIAL,0,MURILLO DE RIO LEZA,LA RIOJA,DepresiÃ³n del Ebro,048 | ALUVIAL DE LA RIOJA-MENDAVIA,|,04802 | Cuaternario aluvial - Aluviales y terrazas,No,No,No,No,No,http://iber.chebro.es/geoportal/bulkdata/FICHAS_IPA/2310-7-0139_ipa.pdf,No,SÃ­,No,No,http://www.datossubterraneas.chebro.es/?ipa=231070139,2310-7-0139,La Senda (PO: 16; PA: 214),MURILLO DE RIO LEZA,26.6,27.3,28.0,45.3,44.2,43.400000000000006,23.8,24.200000000000003,23.6,7.9,8.0,8.0,18.4,16.400000000000002,16.5,18.8,12.6,10.2,0.351,0.336,0.329,0.165,0.168,0.168,Arcilla limosa,0.186,FY,137.0,471.0,100.0,2817.7227647437217,0.0,True,468.88403
2310-5-0145,Mogrones (PO: 17; PA: 104 ),545213,4694131,453.82199097,POZO,5,ALBERITE,LA RIOJA,DepresiÃ³n del Ebro,048 | ALUVIAL DE LA RIOJA-MENDAVIA,|,04802 | Cuaternario aluvial - Aluviales y terrazas,SÃ­,No,No,No,SÃ­,http://iber.chebro.es/geoportal/bulkdata/FICHAS_IPA/2310-5-0145_ipa.pdf,No,SÃ­,No,No,http://www.datossubterraneas.chebro.es/?ipa=231050145,2310-5-0145,Mogrones (PO: 17; PA: 104 ),ALBERITE,23.6,24.5,24.8,47.900000000000006,47.0,45.0,25.6,26.700000000000003,25.200000000000003,7.6,7.7,7.7,18.6,17.2,16.400000000000002,29.9,12.9,12.4,0.339,0.329,0.318,0.159,0.157,0.158,Franco arcillo limoso,0.18,TA,26.0,453.0,100.0,758.2287939020938,0.0,False,453.52002
2310-2-0155,Sondeos Nitratos Rioja LOGROÃO VAREA,551332,4701878,359.94100952,SONDEO,8.4,LOGROÃO,LA RIOJA,DepresiÃ³n del Ebro,048 | ALUVIAL DE LA RIOJA-MENDAVIA,|,04802 | Cuaternario aluvial - Aluviales y terrazas,SÃ­,No,No,No,SÃ­,http://iber.chebro.es/geoportal/bulkdata/FICHAS_IPA/2310-2-0155_ipa.pdf,No,SÃ­,No,No,http://www.datossubterraneas.chebro.es/?ipa=231020155,2310-2-0155,Sondeos Nitratos Rioja LOGROÃO VAREA,LOGROÃO,25.5,24.8,26.700000000000003,49.5,49.5,49.0,19.1,19.8,18.1,6.9,6.9,7.0,21.9,19.0,16.5,32.0,13.3,10.0,0.341,0.334,0.322,0.162,0.177,0.183,Arcilla limosa,0.179,FO,72.0,358.0,0.0,39843.83029806369,0.0,False,360.34402
2310-1-0130,INDUKIT,542088,4703977,377.334,POZO,24,LOGROÃO,LA RIOJA,DepresiÃ³n del Ebro,048 | ALUVIAL DE LA RIOJA-MENDAVIA,|,04802 | Cuaternario aluvial - Aluviales y terrazas,No,SÃ­,No,No,SÃ­,http://iber.chebro.es/geoportal/bulkdata/FICHAS_IPA/2310-1-0130_ipa.pdf,No,SÃ­,No,No,http://www.datossubterraneas.chebro.es/?ipa=231010130,2310-1-0130,INDUKIT,LOGROÃO,24.9,25.9,25.6,44.3,42.3,41.900000000000006,23.4,22.700000000000003,22.6,7.800000000000001,8.0,8.0,19.8,16.3,15.8,17.2,11.9,10.7,0.356,0.349,0.343,0.176,0.176,0.176,Franco arcillo limoso,0.18,IM,24.0,377.0,,17307.69843418291,0.0,True,376.91608
2310-7-0081,FUENTE LA RUEDA,555633,4693920,438.168,MANANTIAL,0,MURILLO DE RIO LEZA,LA RIOJA,DepresiÃ³n del Ebro,048 | ALUVIAL DE LA RIOJA-MENDAVIA,|,|  -,No,SÃ­,SÃ­,No,No,http://iber.chebro.es/geoportal/bulkdata/FICHAS_IPA/2310-7-0081_ipa.pdf,No,SÃ­,No,No,http://www.datossubterraneas.chebro.es/?ipa=231070081,2310-7-0081,FUENTE LA RUEDA,MURILLO DE RIO LEZA,24.0,24.9,25.4,51.3,50.8,48.7,21.4,21.3,20.8,7.800000000000001,8.0,8.0,18.2,17.3,16.5,16.3,11.6,10.3,0.349,0.336,0.325,0.161,0.185,0.18,Franco arcillo limoso,0.188,IM,208.0,435.0,,64.1727064138192,0.0,True,434.65823
2110-4-0591,CAMINO CARRAMOLINERO,509447,4700775,627,SONDEO,0,CIDAMON,LA RIOJA,DepresiÃ³n del Ebro,045 | ALUVIAL DEL OJA,|,04502 | Cuaternario aluvial - Aluviales y terrazas,No,No,No,No,No,http://iber.chebro.es/geoportal/bulkdata/FICHAS_IPA/2110-4-0591_ipa.pdf,No,SÃ­,No,No,http://www.datossubterraneas.chebro.es/?ipa=211040591,2110-4-0591,CAMINO CARRAMOLINERO,CIDAMON,30.5,31.3,32.4,43.5,42.900000000000006,40.8,23.4,23.4,21.200000000000003,7.800000000000001,8.0,8.0,18.0,16.1,15.2,24.4,13.1,11.6,0.357,0.34,0.33,0.187,0.188,0.188,Arcilla limosa,0.1699999999999999,CA,96.0,625.0,,5545.006901039674,0.0,True,631.739
2109-8-0020,FUENTE DEL POBE,506831,4710473,500.696,MANANTIAL,0,CASALARREINA,LA RIOJA,DepresiÃ³n del Ebro,045 | ALUVIAL DEL OJA,|,04502 | Cuaternario aluvial - Aluviales y terrazas,No,SÃ­,No,No,SÃ­,http://iber.chebro.es/geoportal/bulkdata/FICHAS_IPA/2109-8-0020_ipa.pdf,No,SÃ­,No,No,http://www.datossubterraneas.chebro.es/?ipa=210980020,2109-8-0020,FUENTE DEL POBE,CASALARREINA,22.700000000000003,26.8,30.5,43.400000000000006,42.2,40.2,25.9,24.4,21.4,7.4,7.6,7.6,20.9,17.2,16.8,28.8,12.3,11.2,0.346,0.333,0.324,0.182,0.187,0.187,Franco arcillo limoso,0.164,FO,43.0,500.0,0.0,72267.21588526189,0.0,True,497.099
2109-8-0012,MANANTIAL PISCIFACTORIA,506025,4707245,531.79901123,MANANTIAL,0,CASTAÃARES DE RIOJA,LA RIOJA,DepresiÃ³n del Ebro,045 | ALUVIAL DEL OJA,|,04502 | Cuaternario aluvial - Aluviales y terrazas,SÃ­,SÃ­,No,No,SÃ­,http://iber.chebro.es/geoportal/bulkdata/FICHAS_IPA/2109-8-0012_ipa.pdf,SÃ­,SÃ­,No,No,http://www.datossubterraneas.chebro.es/?ipa=210980012,2109-8-0012,MANANTIAL PISCIFACTORIA,CASTAÃARES DE RIOJA,18.9,21.4,23.0,54.7,52.6,50.0,22.700000000000003,22.3,20.9,7.1000000000000005,7.4,7.5,20.8,16.5,15.9,38.0,13.4,10.5,0.343,0.339,0.333,0.157,0.161,0.162,Franco limoso,0.186,AG,50.0,531.0,,3335.7290088981067,0.0,False,530.689
2209-5-0005,FUENTE JUANILLO,513117,4712423,459.30599976,MANANTIAL,0,HARO,LA RIOJA,DepresiÃ³n del Ebro,045 | ALUVIAL DEL OJA,|,04502 | Cuaternario aluvial - Aluviales y terrazas,SÃ­,No,No,No,SÃ­,http://iber.chebro.es/geoportal/bulkdata/FICHAS_IPA/2209-5-0005_ipa.pdf,No,SÃ­,No,No,http://www.datossubterraneas.chebro.es/?ipa=220950005,2209-5-0005,FUENTE JUANILLO,HARO,0.0,0.0,0.0,0.0,0.0,0.0,0.0,0.0,0.0,0.0,0.0,0.0,0.0,0.0,0.0,0.0,0.0,0.0,0.0,0.0,0.0,0.0,0.0,0.0,Franco,0.0,ZU,85.0,466.0,,3169966.949362416,0.0,True,459.385
2109-8-0248,FUENTENUEVA,509300,4707739,546.13598633,MANANTIAL,0,ZARRATON,LA RIOJA,DepresiÃ³n del Ebro,045 | ALUVIAL DEL OJA,|,04502 | Cuaternario aluvial - Aluviales y terrazas,No,No,No,No,No,http://iber.chebro.es/geoportal/bulkdata/FICHAS_IPA/2109-8-0248_ipa.pdf,No,SÃ­,No,No,http://www.datossubterraneas.chebro.es/?ipa=210980248,2109-8-0248,FUENTENUEVA,ZARRATON,18.2,19.4,22.6,55.8,54.7,51.400000000000006,21.4,20.3,19.0,7.9,8.0,8.0,19.4,16.6,15.6,30.0,12.3,12.0,0.341,0.334,0.329,0.182,0.187,0.187,Franco limoso,0.159,TA,175.0,542.0,100.0,4198.666293941611,0.0,True,550.0185
2110-4-0587,CAMINO DE BAÃARES,507436,4700831,606.97497559,SONDEO,6.2,BAÃARES,LA RIOJA,DepresiÃ³n del Ebro,045 | ALUVIAL DEL OJA,|,04502 | Cuaternario aluvial - Aluviales y terrazas,SÃ­,No,No,No,SÃ­,http://iber.chebro.es/geoportal/bulkdata/FICHAS_IPA/2110-4-0587_ipa.pdf,No,SÃ­,No,No,http://www.datossubterraneas.chebro.es/?ipa=211040587,2110-4-0587,CAMINO DE BAÃARES,BAÃARES,31.0,31.3,31.700000000000003,44.7,44.0,44.0,23.6,23.6,23.1,8.0,8.200000000000001,8.1,18.4,16.400000000000002,15.2,23.200000000000003,13.5,10.8,0.355,0.343,0.34,0.188,0.188,0.188,Arcilla limosa,0.1669999999999999,CA,24.0,613.0,,7366.778210459292,0.0,True,607.00903
2109-8-0017,FUENTE DE LA ROSA,510361,4707537,533.34399414,MANANTIAL,0,ZARRATON,LA RIOJA,DepresiÃ³n del Ebro,045 | ALUVIAL DEL OJA,|,04502 | Cuaternario aluvial - Aluviales y terrazas,No,SÃ­,No,No,SÃ­,http://iber.chebro.es/geoportal/bulkdata/FICHAS_IPA/2109-8-0017_ipa.pdf,No,SÃ­,No,No,http://www.datossubterraneas.chebro.es/?ipa=210980017,2109-8-0017,FUENTE DE LA ROSA,ZARRATON,20.5,21.700000000000003,23.8,54.0,52.6,50.5,22.3,22.4,20.0,7.800000000000001,7.9,7.9,19.3,16.8,16.0,24.1,11.4,11.0,0.338,0.332,0.324,0.178,0.187,0.187,Franco arcillo limoso,0.16,MT,130.0,535.0,0.0,1133.3378436182925,0.0,True,535.1877
2109-8-0114,MALZAPATO,509312,4713861,463.86898804,POZO,3.5,HARO,LA RIOJA,DepresiÃ³n del Ebro,045 | ALUVIAL DEL OJA,|,04502 | Cuaternario aluvial - Aluviales y terrazas,No,SÃ­,SÃ­,SÃ­,SÃ­,http://iber.chebro.es/geoportal/bulkdata/FICHAS_IPA/2109-8-0114_ipa.pdf,No,SÃ­,No,No,http://www.datossubterraneas.chebro.es/?ipa=210980114,2109-8-0114,MALZAPATO,HARO,18.9,22.3,27.4,38.6,38.0,36.2,31.4,29.3,25.8,7.6,7.7,7.6,22.0,21.0,19.1,27.6,12.7,13.0,0.356,0.348,0.337,0.161,0.167,0.169,Franco arcillo limoso,0.1949999999999999,TA,18.0,464.0,0.0,8850.174446481493,0.0,True,463.66003
2109-7-0033,LAS GARNOCHAS,503817,4711042,511.382,POZO,22,TIRGO,LA RIOJA,DepresiÃ³n del Ebro,045 | ALUVIAL DEL OJA,|,04502 | Cuaternario aluvial - Aluviales y terrazas,No,No,SÃ­,No,SÃ­,http://iber.chebro.es/geoportal/bulkdata/FICHAS_IPA/2109-7-0033_ipa.pdf,No,SÃ­,No,No,http://www.datossubterraneas.chebro.es/?ipa=210970033,2109-7-0033,LAS GARNOCHAS,TIRGO,26.3,29.0,32.300000000000004,41.3,41.6,36.6,27.5,26.4,23.5,7.6,7.7,7.7,18.1,16.7,15.6,23.9,11.2,11.9,0.349,0.34,0.333,0.186,0.19,0.193,Arcilla limosa,0.163,VI,49.0,512.0,0.0,2924.153932360851,0.0,True,510.35803
2110-3-0763,"Talleres Janda, S.L. POZO 2",504382,4701022,611.3380127,POZO,6,BAÃARES,LA RIOJA,DepresiÃ³n del Ebro,045 | ALUVIAL DEL OJA,|,04502 | Cuaternario aluvial - Aluviales y terrazas,SÃ­,No,No,No,SÃ­,http://iber.chebro.es/geoportal/bulkdata/FICHAS_IPA/2110-3-0763_ipa.pdf,No,SÃ­,No,No,http://www.datossubterraneas.chebro.es/?ipa=211030763,2110-3-0763,"Talleres Janda, S.L. POZO 2",BAÃARES,23.8,23.8,26.5,48.6,48.7,47.0,22.1,22.4,20.4,7.9,8.0,7.9,19.4,16.2,15.4,26.6,12.7,11.2,0.34,0.334,0.332,0.176,0.187,0.187,Franco arcillo limoso,0.164,IM,20.0,610.0,,23986.31923743587,0.0,False,610.952
2209-5-0084,Pozo Mazo 2,512304,4713120,469.38101196,POZO,45,HARO,LA RIOJA,DepresiÃ³n del Ebro,045 | ALUVIAL DEL OJA,|,04502 | Cuaternario aluvial - Aluviales y terrazas,SÃ­,SÃ­,SÃ­,No,SÃ­,http://iber.chebro.es/geoportal/bulkdata/FICHAS_IPA/2209-5-0084_ipa.pdf,No,SÃ­,SÃ­,No,http://www.datossubterraneas.chebro.es/?ipa=220950084,2209-5-0084,Pozo Mazo 2,HARO,0.0,0.0,0.0,0.0,0.0,0.0,0.0,0.0,0.0,0.0,0.0,0.0,0.0,0.0,0.0,0.0,0.0,0.0,0.0,0.0,0.0,0.0,0.0,0.0,Franco,0.0,ZU,85.0,466.0,,3169966.949362416,0.0,True,470.143
2109-8-0214,EL NAVAL (CAMINO PERPENDICULAR A CRA CASALARREINA-OLLAURI -N-232),507946,4710298,505.70700073,POZO,21.6,CASALARREINA,LA RIOJA,DepresiÃ³n del Ebro,045 | ALUVIAL DEL OJA,|,04502 | Cuaternario aluvial - Aluviales y terrazas,SÃ­,SÃ­,No,No,SÃ­,http://iber.chebro.es/geoportal/bulkdata/FICHAS_IPA/2109-8-0214_ipa.pdf,No,SÃ­,No,No,http://www.datossubterraneas.chebro.es/?ipa=210980214,2109-8-0214,EL NAVAL (CAMINO PERPENDICULAR A CRA CASALARREINA-OLLAURI -N-232),CASALARREINA,21.200000000000003,22.5,24.4,50.7,50.5,47.2,22.9,22.200000000000003,20.3,7.6,7.800000000000001,7.800000000000001,20.0,18.6,16.6,32.0,13.0,12.9,0.349,0.333,0.323,0.193,0.193,0.193,Franco arcillo limoso,0.156,TA,14.0,507.0,100.0,8323.814070250124,0.0,True,506.27203
2209-5-0053,MANANTIAL DE OLLONGUI O LAS TRES FUENTES,513179,4709814,499.40499878,MANANTIAL,4,RODEZNO,LA RIOJA,DepresiÃ³n del Ebro,045 | ALUVIAL DEL OJA,|,04502 | Cuaternario aluvial - Aluviales y terrazas,SÃ­,SÃ­,No,No,SÃ­,http://iber.chebro.es/geoportal/bulkdata/FICHAS_IPA/2209-5-0053_ipa.pdf,No,SÃ­,No,No,http://www.datossubterraneas.chebro.es/?ipa=220950053,2209-5-0053,MANANTIAL DE OLLONGUI O LAS TRES FUENTES,RODEZNO,21.3,23.3,27.0,53.7,52.2,48.3,21.700000000000003,21.200000000000003,19.8,7.7,7.800000000000001,7.800000000000001,22.0,16.8,15.7,28.5,11.4,11.4,0.349,0.342,0.33,0.171,0.183,0.182,Franco arcillo limoso,0.178,MT,119.0,497.0,0.0,354.8166786670934,0.0,True,501.44003
2109-8-0206,FUENTE DEL ESTRECHO,509958,4712434,480.657,MANANTIAL,0,HARO,LA RIOJA,DepresiÃ³n del Ebro,045 | ALUVIAL DEL OJA,|,04502 | Cuaternario aluvial - Aluviales y terrazas,SÃ­,SÃ­,SÃ­,No,SÃ­,http://iber.chebro.es/geoportal/bulkdata/FICHAS_IPA/2109-8-0206_ipa.pdf,No,SÃ­,No,No,http://www.datossubterraneas.chebro.es/?ipa=210980206,2109-8-0206,FUENTE DEL ESTRECHO,HARO,22.200000000000003,26.1,28.9,40.7,39.2,37.7,28.200000000000003,26.8,24.8,7.7,7.800000000000001,7.800000000000001,21.3,19.200000000000003,16.2,27.6,12.3,10.8,0.349,0.341,0.332,0.162,0.176,0.177,Franco arcillo limoso,0.187,ED,22.0,480.0,,188.7539340935469,0.0,True,481.12003
2110-4-0003,FUENTE DE CIDAMÃN,509763,4704680,579.6630249,MANANTIAL,0,CIDAMON,LA RIOJA,DepresiÃ³n del Ebro,045 | ALUVIAL DEL OJA,|,04502 | Cuaternario aluvial - Aluviales y terrazas,SÃ­,SÃ­,No,No,SÃ­,http://iber.chebro.es/geoportal/bulkdata/FICHAS_IPA/2110-4-0003_ipa.pdf,No,SÃ­,No,No,http://www.datossubterraneas.chebro.es/?ipa=211040003,2110-4-0003,FUENTE DE CIDAMÃN,CIDAMON,22.5,23.5,27.5,48.1,47.2,42.900000000000006,24.6,24.700000000000003,23.0,7.4,7.7,7.7,20.200000000000003,16.2,15.1,28.200000000000003,12.1,10.4,0.348,0.34,0.336,0.162,0.164,0.164,Franco arcillo limoso,0.186,PR,113.0,581.0,0.0,5318.851242021235,0.0,True,581.744
2110-4-0524,POZO SOMBRÃO,511803,4705137,575.05499268,POZO,5.6,CIDAMON,LA RIOJA,DepresiÃ³n del Ebro,045 | ALUVIAL DEL OJA,|,04502 | Cuaternario aluvial - Aluviales y terrazas,SÃ­,No,No,No,SÃ­,http://iber.chebro.es/geoportal/bulkdata/FICHAS_IPA/2110-4-0524_ipa.pdf,No,SÃ­,No,No,http://www.datossubterraneas.chebro.es/?ipa=211040524,2110-4-0524,POZO SOMBRÃO,CIDAMON,25.6,26.3,26.700000000000003,49.3,48.5,47.0,21.200000000000003,21.6,18.6,7.800000000000001,7.800000000000001,7.800000000000001,20.200000000000003,16.5,14.8,23.6,12.1,10.4,0.333,0.322,0.312,0.187,0.187,0.187,Franco arcillo limoso,0.146,TA,34.0,575.0,100.0,7676.934046513939,0.0,True,575.5569
2210-4-0004,FUENTE TÃNEL,536374,4703623,399.75601196,MANANTIAL,0,FUENMAYOR,LA RIOJA,DepresiÃ³n del Ebro,047 | ALUVIAL DEL NAJERILLA-EBRO,|,04702 | Cuaternario aluvial - Aluviales y terrazas,SÃ­,SÃ­,No,No,SÃ­,http://iber.chebro.es/geoportal/bulkdata/FICHAS_IPA/2210-4-0004_ipa.pdf,No,SÃ­,No,No,http://www.datossubterraneas.chebro.es/?ipa=221040004,2210-4-0004,FUENTE TÃNEL,FUENMAYOR,27.1,28.0,27.8,42.400000000000006,42.5,40.1,24.5,24.1,23.9,7.9,8.1,8.1,19.8,17.0,15.8,21.6,11.3,10.8,0.347,0.34,0.343,0.167,0.162,0.163,Arcilla limosa,0.18,CA,468.0,409.0,,85574.61935691511,0.0,True,407.08002
2210-3-0030,FUENTE ESCARPE,526671,4705342,422.38500977,MANANTIAL,0,CENICERO,LA RIOJA,DepresiÃ³n del Ebro,047 | ALUVIAL DEL NAJERILLA-EBRO,|,04702 | Cuaternario aluvial - Aluviales y terrazas,No,SÃ­,No,No,SÃ­,http://iber.chebro.es/geoportal/bulkdata/FICHAS_IPA/2210-3-0030_ipa.pdf,No,SÃ­,No,No,http://www.datossubterraneas.chebro.es/?ipa=221030030,2210-3-0030,FUENTE ESCARPE,CENICERO,26.9,28.3,26.8,40.6,39.5,39.5,25.8,26.200000000000003,23.8,7.800000000000001,8.0,8.0,18.8,16.8,15.6,21.1,9.9,11.0,0.353,0.341,0.33,0.16,0.159,0.158,Arcilla limosa,0.1929999999999999,VI,301.0,424.0,0.0,2088.9556730385525,0.0,True,428.669
2210-2-0024,FUENTEFRÃA,524272,4703698,433.66799927,MANANTIAL,0,CENICERO,LA RIOJA,DepresiÃ³n del Ebro,047 | ALUVIAL DEL NAJERILLA-EBRO,|,04702 | Cuaternario aluvial - Aluviales y terrazas,No,No,No,No,SÃ­,http://iber.chebro.es/geoportal/bulkdata/FICHAS_IPA/2210-2-0024_ipa.pdf,No,SÃ­,No,No,http://www.datossubterraneas.chebro.es/?ipa=221020024,2210-2-0024,FUENTEFRÃA,CENICERO,25.200000000000003,25.200000000000003,25.8,39.6,40.1,39.900000000000006,26.4,27.8,25.5,7.0,7.2,7.2,21.5,17.3,15.8,28.5,12.4,12.2,0.349,0.343,0.338,0.154,0.154,0.154,Arcilla limosa,0.195,FO,121.0,433.0,0.0,1369.96407057589,0.0,True,443.67603
2210-6-0002,CARRETERA NÃJERA-TRICIO,522216,4695059,504.05999756,MANANTIAL,0,NAJERA,LA RIOJA,DepresiÃ³n del Ebro,047 | ALUVIAL DEL NAJERILLA-EBRO,|,04702 | Cuaternario aluvial - Aluviales y terrazas,SÃ­,SÃ­,No,No,SÃ­,http://iber.chebro.es/geoportal/bulkdata/FICHAS_IPA/2210-6-0002_ipa.pdf,No,SÃ­,No,No,http://www.datossubterraneas.chebro.es/?ipa=221060002,2210-6-0002,CARRETERA NÃJERA-TRICIO,NAJERA,20.9,24.0,27.8,41.3,39.7,38.900000000000006,23.4,22.9,21.9,7.800000000000001,7.9,7.9,23.5,20.3,17.400000000000002,16.8,10.2,10.3,0.346,0.339,0.329,0.161,0.161,0.162,Franco arcillo limoso,0.185,TA,379.0,504.0,0.0,1405.8035614098,0.0,False,507.47302
2211-2-0045,BAJADA AL RÃO DESDE EL CASCO URBANI,519982,4686733,565.12097168,MANANTIAL,0,BAÃOS DE RIO TOBIA,LA RIOJA,DepresiÃ³n del Ebro,047 | ALUVIAL DEL NAJERILLA-EBRO,|,04702 | Cuaternario aluvial - Aluviales y terrazas,No,SÃ­,No,No,No,http://iber.chebro.es/geoportal/bulkdata/FICHAS_IPA/2211-2-0045_ipa.pdf,No,SÃ­,No,No,http://www.datossubterraneas.chebro.es/?ipa=221120045,2211-2-0045,BAJADA AL RÃO DESDE EL CASCO URBANI,BAÃOS DE RIO TOBIA,22.1,22.1,27.0,48.400000000000006,47.7,44.900000000000006,23.8,23.9,21.9,7.800000000000001,8.0,7.9,21.5,16.5,15.0,22.4,11.6,12.0,0.35,0.335,0.331,0.155,0.158,0.156,Franco arcillo limoso,0.195,MT,491.0,562.0,0.0,632.066906270657,0.0,False,557.70404
2210-6-0091,MANANTIAL DE RIVAS CAIDAS,524197,4694062,561.71502686,MANANTIAL,0,TRICIO,LA RIOJA,DepresiÃ³n del Ebro,047 | ALUVIAL DEL NAJERILLA-EBRO,|,04702 | Cuaternario aluvial - Aluviales y terrazas,No,SÃ­,No,No,No,http://iber.chebro.es/geoportal/bulkdata/FICHAS_IPA/2210-6-0091_ipa.pdf,No,SÃ­,No,No,http://www.datossubterraneas.chebro.es/?ipa=221060091,2210-6-0091,MANANTIAL DE RIVAS CAIDAS,TRICIO,25.0,28.1,29.1,46.5,43.400000000000006,41.900000000000006,21.4,21.3,20.4,7.800000000000001,8.0,8.0,21.0,17.5,15.7,23.6,11.4,12.2,0.353,0.342,0.326,0.181,0.187,0.187,Franco arcillo limoso,0.172,FO,125.0,562.0,0.0,8557.011664482998,0.0,False,560.127
2210-3-0044,C/ RUÃZ DE AZCÃRRAGA 34,529778,4703434,432,POZO,8,CENICERO,LA RIOJA,DepresiÃ³n del Ebro,047 | ALUVIAL DEL NAJERILLA-EBRO,|,04702 | Cuaternario aluvial - Aluviales y terrazas,No,No,No,No,No,http://iber.chebro.es/geoportal/bulkdata/FICHAS_IPA/2210-3-0044_ipa.pdf,No,SÃ­,No,No,http://www.datossubterraneas.chebro.es/?ipa=221030044,2210-3-0044,C/ RUÃZ DE AZCÃRRAGA 34,CENICERO,0.0,0.0,0.0,0.0,0.0,0.0,0.0,0.0,0.0,0.0,0.0,0.0,0.0,0.0,0.0,0.0,0.0,0.0,0.0,0.0,0.0,0.0,0.0,0.0,Franco,0.0,ZU,124.0,440.0,,940661.7742562816,0.0,True,430.72003
2210-4-0043,BODEGAS CORRAL,536856,4697980,471.03900146,EXCAVACIÃN,4.5,NAVARRETE,LA RIOJA,DepresiÃ³n del Ebro,047 | ALUVIAL DEL NAJERILLA-EBRO,|,04702 | Cuaternario aluvial - Aluviales y terrazas,No,SÃ­,No,No,No,http://iber.chebro.es/geoportal/bulkdata/FICHAS_IPA/2210-4-0043_ipa.pdf,No,SÃ­,No,No,http://www.datossubterraneas.chebro.es/?ipa=221040043,2210-4-0043,BODEGAS CORRAL,NAVARRETE,24.700000000000003,23.8,25.700000000000003,49.0,49.0,47.0,24.0,24.5,22.8,7.7,8.0,8.0,22.0,19.1,16.6,19.0,11.0,10.9,0.349,0.339,0.33,0.162,0.167,0.167,Franco arcillo limoso,0.187,ZU,23.0,472.0,,24398.31889342541,0.0,True,472.38004
2210-2-0012,FUENTE EDESA (SOMALO),523646,4700013,472.815,MANANTIAL,9999,TORREMONTALBO,LA RIOJA,DepresiÃ³n del Ebro,047 | ALUVIAL DEL NAJERILLA-EBRO,|,04702 | Cuaternario aluvial - Aluviales y terrazas,SÃ­,SÃ­,No,No,SÃ­,http://iber.chebro.es/geoportal/bulkdata/FICHAS_IPA/2210-2-0012_ipa.pdf,SÃ­,SÃ­,No,No,http://www.datossubterraneas.chebro.es/?ipa=221020012,2210-2-0012,FUENTE EDESA (SOMALO),TORREMONTALBO,23.9,23.9,25.8,45.2,45.900000000000006,44.400000000000006,25.0,25.0,23.200000000000003,7.800000000000001,7.9,7.9,22.0,17.8,15.8,19.9,11.0,10.7,0.336,0.332,0.324,0.158,0.154,0.154,Franco arcillo limoso,0.178,IM,61.0,477.0,,7308.25177686442,0.0,False,474.62775
2210-2-0093,PRANIGUELA,524303,4696756,514.672,POZO,6,HUERCANOS,LA RIOJA,DepresiÃ³n del Ebro,047 | ALUVIAL DEL NAJERILLA-EBRO,|,04702 | Cuaternario aluvial - Aluviales y terrazas,SÃ­,SÃ­,SÃ­,No,SÃ­,http://iber.chebro.es/geoportal/bulkdata/FICHAS_IPA/2210-2-0093_ipa.pdf,No,SÃ­,No,No,http://www.datossubterraneas.chebro.es/?ipa=221020093,2210-2-0093,PRANIGUELA,HUERCANOS,20.4,21.0,25.5,46.1,46.1,39.1,26.3,26.6,24.5,8.0,8.0,8.0,22.5,16.7,14.4,15.2,9.0,10.0,0.347,0.342,0.339,0.152,0.153,0.154,Franco arcillo limoso,0.195,TA,35.0,514.0,100.0,1565.5751781914544,0.0,False,514.28
